Nome,Sexo,Região,Idade
ABEL MATTOS,1,Região 2,36
ADAILTON CARDOSO,1,Região 3,32
ADALBERTO NEUSA,1,Região 3,30
ADALBERTO THOME,1,Região 2,32
ADALTINO HICKMANN,1,Região 3,31
ADELMO CRIPA,1,Região 5,29
ADEMAR KLUG,1,Região 2,35
ADENILDE MATIAS,2,Região 5,33
ADERSON DALIA,1,Região 5,25
ADILSON MERLO,1,Região 1,27
ADRIANA CRIPA,2,Região 1,27
ADRIANA FRAGA,2,Região 1,19
ADRIANA JOSIMAR,2,Região 2,31
ADRIANA JUNIOR,2,Região 1,22
ADRIANA KRAS,2,Região 2,36
ADRIANA Tadeu,1,Região 3,34
ADRIANE BEMAC,2,Região 3,33
ADRIANE MICHELAM,2,Região 3,19
AGNES RENATO,2,Região 4,34
AGOSTINHO BORDONALLI,1,Região 1,25
AIRTON ORTIZ,1,Região 1,29
ALAIDE VALERIANO,2,Região 2,20
ALBERTINA NORMA,2,Região 1,32
ALBERTO COUTINHO,1,Região 2,31
ALBERTO NÓBREGA,1,Região 2,32
ALCIDES BOAVENTURA,1,Região 1,21
ALCIS FRAGELLI,1,Região 5,19
ALESSANDRA CARLOS,2,Região 1,19
ALESSANDRA LUCIANO,2,Região 1,21
ALESSANDRO MICLOS,1,Região 5,26
ALEXANDER TUNG,1,Região 4,19
ALEXANDRE ALVES,1,Região 3,29
ALEXANDRE BUENO,1,Região 2,27
ALEXANDRE COMIN,1,Região 2,24
ALEXANDRE CRUS,1,Região 2,31
ALEXANDRE LACERDA,1,Região 2,21
ALEXANDRE NAZARETH,1,Região 3,20
ALEXANDRE OTTONI,1,Região 2,23
ALEXANDRE PAIXÃO,1,Região 3,30
ALEXANDRE PIRES,1,Região 3,23
ALEXANDRE SENNA,1,Região 5,35
ALEXANDRO STEPHANIE,1,Região 4,29
ALFEU MELISSOPOULOS,1,Região 4,36
ALICE FERNANDEZ,2,Região 1,30
ALICE OTANIA,2,Região 2,21
ALINE SENNA,2,Região 4,18
ALTEMIR PESSANHA,1,Região 4,27
ALTINA AVILA,2,Região 5,31
ALVARO OLIMPIO,1,Região 4,30
AMANDA ELIZABETE,2,Região 5,33
AMAURY PRATA,1,Região 2,23
AMERICO CARINA,1,Região 2,24
ANA AKENI,2,Região 5,35
ANA APARECIDO,2,Região 3,20
ANA BORGES,2,Região 1,29
ANA CAMINHA,1,Região 2,21
ANA CARBONI,2,Região 1,28
ANA DIAS,2,Região 1,27
ANA FATIMA,2,Região 4,21
ANA FREDO,2,Região 2,25
ANA FROTA,2,Região 5,28
ANA GARDEL,2,Região 4,24
ANA J,2,Região 5,29
ANA JR,2,Região 3,29
ANA LEITE,2,Região 1,28
ANA LORENCINI,2,Região 4,27
ANA LORENO,2,Região 4,32
ANA MAGNO,2,Região 2,24
ANA MARCÍLIO,2,Região 2,22
ANA MARDEGAM,2,Região 1,32
ANA MARIO,2,Região 1,19
ANA MOL,2,Região 3,19
ANA PIMENTEL,2,Região 3,27
ANA PORTO,2,Região 1,29
ANA SALLES,2,Região 4,20
ANA VICTOR,2,Região 1,29
ANA VIDAL,2,Região 3,22
ANA WALKER,2,Região 2,26
ANALUCIA GUERREIRO,2,Região 3,26
ANATALIA ZANOTTO,2,Região 5,31
ANDERSON CARLOS,1,Região 5,33
ANDERSON MELGES,1,Região 4,35
ANDRE ATAIDE,1,Região 1,21
ANDRÉ LEOPOLDO,1,Região 3,36
ANDRE LOPES,1,Região 3,30
ANDRE OHASHI,1,Região 2,18
ANDRE PETZH,1,Região 4,27
ANDRE WILLIAN,1,Região 4,35
ANDREA FIX,1,Região 5,32
ANDREIA ARAÚJO,2,Região 3,29
ANDREIA RAMIRO,2,Região 2,26
ANDREIA TAKAHIRO,2,Região 1,27
ANELISE MARCÍLIO,2,Região 2,28
ANGELA ACCIOLI,2,Região 3,22
ÂNGELA CARINA,2,Região 4,20
ANGELICA MCLENNAN,2,Região 4,34
ANIBAL RIGELO,1,Região 3,36
ANNA AMBROZINA,2,Região 2,26
ANNA SABATOVICZ,2,Região 3,18
ANTONIO BAUMGRATZ,2,Região 5,30
ANTONIO BIE,1,Região 2,23
ANTONIO BRANDAO,1,Região 4,24
ANTÔNIO DOPCKE,1,Região 5,33
ANTONIO FERRANO,1,Região 2,23
ANTONIO NORTON,1,Região 1,35
ANTONIO NUNES,1,Região 3,24
ANTONIO PASCOAL,1,Região 4,23
ANTONIO RUAS,1,Região 2,18
ANTONIO SENNA,1,Região 5,24
APARECIDA LOBÃO,2,Região 2,35
APARECIDA MARIA,2,Região 1,25
APARECIDA PANIAGO,2,Região 5,26
ARIOVALDO ROGATI,1,Região 3,27
ARLYSSON LARCHER,1,Região 4,24
ARQUIMEDES ROY,1,Região 5,36
ARTUR MONTENEGRO,1,Região 5,33
ARY OLIVEIRA,1,Região 2,25
ATAIDE BOUGHOSN,1,Região 5,29
ATILIO CORDEIRO,1,Região 4,31
AUGUSTO WIQUES,1,Região 5,26
AURINEIDE JANETE,2,Região 2,19
BEATRIZ PASSOS,2,Região 5,24
BENEDITO ANNA,1,Região 4,27
BENTA BUGNI,2,Região 1,29
BERNADETE MANOEL,2,Região 5,27
BERNARDETE BOSCO,2,Região 5,27
BERNARDETE CANÉ,2,Região 2,26
BETTINA DAMIÃO,2,Região 2,18
BIANCA NOBRE,2,Região 3,24
BIANOR MOUTINHO,1,Região 2,36
BRUNO COURAS,1,Região 4,21
BRUNO FONTOURA,1,Região 1,30
BRUNO MILHOMEM,1,Região 2,34
BRUNO PAUPERIO,1,Região 4,19
BRUNO TOURINHO,1,Região 3,19
CAIO IVANILDES,1,Região 3,26
CAMILA ERNESTINA,2,Região 5,35
CAMILA GIRÃO,2,Região 2,33
CAMILA MARTINES,2,Região 4,36
CÂNDIDA ROGGIERI,2,Região 2,25
CARLA F.,2,Região 1,24
CARLA FRANCISCO,2,Região 5,23
CARLA SANCHES,2,Região 5,20
CARLA SILVIA,2,Região 5,22
CARLA XAVIER,2,Região 3,30
CARLINHOS PETRONGARI,1,Região 5,32
CARLOS ADIALA,1,Região 1,35
CARLOS ANGELICA,1,Região 3,28
CARLOS ANJOS,1,Região 4,18
CARLOS BERNARDES,1,Região 3,30
CARLOS BESSA,1,Região 5,31
CARLOS BRAZ,1,Região 4,31
CARLOS CRIPA,1,Região 2,33
CARLOS FARIAS,1,Região 3,23
CARLOS GARRO,1,Região 2,26
CARLOS GASPARETTI,1,Região 5,25
CARLOS GASPAROTTO,1,Região 3,26
CARLOS GEZA,1,Região 5,23
CARLOS LIRA,1,Região 4,27
CARLOS MARA,1,Região 5,35
CARLOS MARCHETTO,1,Região 4,23
CARLOS MATOS,1,Região 3,31
CARLOS NORTON,1,Região 1,20
CARLOS RADIANTE,1,Região 2,34
CARLOS TARCISIO,2,Região 5,26
Carlos TEÓFILO,1,Região 3,25
CARLOS TEÓFILO,1,Região 2,35
CARMEN FRIAS,2,Região 3,20
CARMEN ORLANDI,2,Região 2,35
CARMINO CHRISTYINNE,1,Região 1,24
CAROLINA CAULA,2,Região 4,22
CAROLINA DIOGO,2,Região 1,22
CASSIO KRAS,1,Região 4,31
CELIA ANTUNES,2,Região 1,22
CÉLIA ARCELINO,2,Região 3,33
CELIA BINOTTI,2,Região 4,27
Celia ENÉAS,2,Região 2,29
CELIS BRESOLIN,2,Região 5,22
CELSO DONIZETE,1,Região 1,27
CELSO LA,1,Região 4,35
CELSO TATIANA,1,Região 2,23
CHRISTIANE THEODORO,2,Região 2,36
CILENE BONFIGLIOLI,2,Região 5,35
CLAUDETE BADARÓ,2,Região 4,33
CLAUDIA CASTILHO,2,Região 2,36
CLAUDIA CREMASCO,2,Região 1,27
CLÁUDIA LOURENCO,2,Região 2,26
CLAUDIA MELO,2,Região 1,20
CLAUDIA OLIVEIRA,2,Região 3,18
CLAUDIA PASSOS,2,Região 5,29
CLÁUDIA PEQUENO,2,Região 4,26
CLAUDIA RIBEIRO,2,Região 1,19
CLAUDIA SOBRAL,2,Região 1,34
CLAUDIA TERTULIANO,2,Região 5,36
CLAUDIA WATANABE,2,Região 2,24
CLAUDICE NAHOMI,2,Região 4,22
CLAUDINEI RIZZINI,1,Região 3,30
CLAUDIO CECILIA,1,Região 1,34
CLAUDIO FACCIN,1,Região 2,31
CLAUDIO GAJARDONI,1,Região 4,32
CLAUDIO KAMINSKI,1,Região 1,28
CLAUDIO KHATER,1,Região 3,31
CLAUDIO TOCHETTO,1,Região 2,19
CLEDSON JOHN,1,Região 1,31
CLEIDE CASSIA,2,Região 1,32
CLEIDIJANE STRAPASSON,2,Região 3,34
CLEITON RAMALHO,1,Região 2,23
CLEONICE AQUINO,2,Região 3,23
CLEONICE ROMAN,2,Região 5,26
CONCEIÇÃO ALEXANDRE,2,Região 1,33
CONCEICAO VERGNE,2,Região 4,23
CONRADO OTTONI,1,Região 3,20
CREICIELLE JOAO,2,Região 4,33
CREUZA VIEIRA,2,Região 5,24
CRISTIANA ANTUNES,2,Região 5,19
CRISTIANE ADELINO,2,Região 5,19
CRISTIANE CRISEUDA,2,Região 4,28
CRISTIANO NÓBREGA,1,Região 3,28
CRISTIANO ROMAO,1,Região 5,21
CRISTINA A,2,Região 4,36
CRISTINA DANIEL,2,Região 1,22
CRISTINA FIGUEIREDO,2,Região 4,29
CRISTINA FRANÇA,2,Região 1,28
CYNTHIA GILDO,2,Região 2,34
DAIANA TEREZINHA,2,Região 3,20
DALMA GUERREIRO,2,Região 4,26
DALTON SENNA,2,Região 4,22
DALVA DELANO,2,Região 5,19
DANIEL ALICE,1,Região 1,18
DANIEL Major,1,Região 1,29
DANIEL MARDEGAM,1,Região 3,25
DANIEL PEDERSOLI,1,Região 2,18
DANIEL PINTO,1,Região 2,35
DANIEL VASCONCELLOS,1,Região 1,30
DANIEL ZENIER,1,Região 3,21
DANIELA ANTUNES,2,Região 5,23
DANIELA BATISTA,2,Região 1,27
DANIELA JR,2,Região 1,31
DANIELE MENEZES,2,Região 4,34
DANIELE ROMERO,2,Região 3,22
DANIELLE CASARO,2,Região 3,29
DANIELLE ENÉAS,2,Região 5,22
DANIELLE ZAMPIRON,2,Região 2,24
DANILO CREMASCO,1,Região 2,35
DANILO GINDRO,1,Região 1,28
DANUZA GUIMARAES,2,Região 3,33
DARIO COELHO,1,Região 1,27
DARIO FIDELES,1,Região 3,33
DAYSE BUSHATSKY,2,Região 3,34
DEBORA GAJARDONI,2,Região 5,22
DEIZE GASPAROTTO,2,Região 3,20
DELZIONE HOFFMANM,2,Região 4,22
DENIS MARANSALDI,1,Região 1,31
DENISE FRAGA,2,Região 4,30
DENISE HARTMAN,2,Região 5,26
DENISE KUHN,2,Região 1,26
DENISE SILVA,1,Região 3,26
DENISE VASCONCELOS,2,Região 1,20
DENNYSE LISBOA,2,Região 2,26
DERMIVAL FLORES,1,Região 1,27
DESIRÉE THIESSEN,2,Região 4,26
DEUSZODINO ANDRES,1,Região 4,31
DIEGO BOUGHOSN,1,Região 4,21
DIEGO DUARTE,1,Região 4,21
DIERCE ANDRADE,1,Região 3,28
DIOGENES TRAMILTON,1,Região 1,22
DIOGO MANOCCHIO,1,Região 3,22
DIOMAR NOBUYUKI,1,Região 3,32
DIRCE EDUARDO,2,Região 3,31
DIRCE O,2,Região 1,28
DJALMA LUNARDINI,1,Região 5,31
DJANIRO SOMERA,1,Região 5,26
DOMINGOS CALDAS,1,Região 4,25
DORACI FERNADEZ,2,Região 3,25
DORALICE MERLO,2,Região 2,28
DOROTHY VASQUES,2,Região 1,19
DOUGLAS BOUGHOSN,1,Região 3,22
DOUGLAS LINDALVA,1,Região 3,19
DOUGLAS ROGGIERI,1,Região 4,29
EDGAR FLADT,1,Região 2,35
EDGAR VARGAS,1,Região 4,32
EDGARD PORTO,1,Região 2,18
EDIELEN FARINA,2,Região 2,33
EDISON O,1,Região 4,26
EDMUNDO FERRARI,1,Região 2,36
EDNA FACCIN,2,Região 1,24
EDNA FLAVIO,2,Região 3,32
EDNA RADIANTE,2,Região 2,23
EDNEA VICENTE,2,Região 5,25
EDSON SILVEIRA,1,Região 5,19
EDUARDO ABRANTES,1,Região 5,19
EDUARDO AIRTON,1,Região 2,18
EDUARDO ASCENCAO,1,Região 2,33
EDUARDO BONFIGLIOLI,1,Região 2,30
EDUARDO BORDINI,1,Região 1,33
EDUARDO BOSCO,1,Região 1,28
EDUARDO CAULA,1,Região 4,24
EDUARDO CONCEICAO,1,Região 3,32
EDUARDO FORMAGGINI,1,Região 4,35
EDUARDO GRILLO,1,Região 3,27
EDUARDO PERPETUA,1,Região 5,22
EDUARDO PRATA,1,Região 5,36
EDUARDO PRATA,1,Região 3,24
EDUARDO RIBEIRO,1,Região 3,34
EDUARDO SANDRA,1,Região 2,27
EDUARDO SIMAS,1,Região 5,33
EDUARDO TOME,1,Região 5,21
EDVALDO C,1,Região 3,31
EDVANDO NORBERTO,1,Região 2,36
EDVILSON TERESINHA,1,Região 1,27
ELAINE GRILLO,2,Região 4,22
ELAINE RICO,2,Região 3,35
ELANIO MENESES,1,Região 5,22
ELENIR Francis,2,Região 2,23
ELENITA CASARO,2,Região 3,24
ELIANA CLEBER,2,Região 1,19
ELIANA PEREIRA,2,Região 5,31
ELIANA PIMENTEL,2,Região 5,22
ELIANE MARIOSA,2,Região 1,22
ELIANE PEDRO,2,Região 1,23
ELIDECI SOTERO,2,Região 3,25
ELIENAI BISPO,1,Região 1,32
ELIETE BRAZ,2,Região 1,33
ELIETE MESQUITA,2,Região 3,36
ELIETE TOCHETTO,2,Região 2,31
ELIEZER BEZERRA,1,Região 4,29
ELISABETHY CLAUDIA,2,Região 5,24
ELISEU SANCHES,1,Região 1,30
ELIVANIA ROSELI,2,Região 2,18
ELIZABETH FORMAGGINI,2,Região 2,26
ELIZABETH LINO,2,Região 1,36
ELIZABETH PERIOTO,2,Região 2,22
ELMA LEOPOLDO,2,Região 1,21
ELMITON MINIERO,1,Região 1,33
ELOISA MIETO,2,Região 3,18
ELOISE GARDEL,2,Região 3,26
ELPIDIO PEQUENO,1,Região 5,28
EMANUEL NONATO,1,Região 4,33
EMILIA EDUARDO,2,Região 1,29
ENES PAVANELLO,1,Região 5,27
ENOQUE VILELA,1,Região 1,18
ERICK BECCALLI,1,Região 3,22
ESMERALDO PENHA,1,Região 2,29
EUGENIA GUIMARAES,2,Região 5,21
EVA LAGANA,2,Região 1,21
EVALDO OLIVIERI,1,Região 1,26
EVANDRO C,1,Região 1,32
EVANDRO TOURINHO,1,Região 3,19
EVANGELOS PAPA,1,Região 4,19
EVERALDO CRUZ,1,Região 2,28
EVERDELINA CAROLINA,2,Região 1,22
EWALDO FERRARI,1,Região 2,20
EXPEDITO BECCALLI,1,Região 5,36
FABIANA CAMARGO,2,Região 4,27
FABIANA PAUPERIO,2,Região 3,21
FABIANA PEIXOTO,2,Região 3,29
FABIANNA PEDRO,2,Região 4,27
FABIANO BATISTA,1,Região 4,30
FABIO CAEIRA,1,Região 2,34
FABIO CARDOSO,1,Região 5,18
FABIO CITERA,2,Região 2,25
FABIO FACCIN,1,Região 3,32
FABIO FARINA,1,Região 2,35
FÁBIO J,1,Região 2,18
FABIO Marcos,1,Região 4,36
FABIO PRATA,1,Região 4,22
FABIO SABATOVICZ,1,Região 1,34
FÁBIO WENDROWNIK,1,Região 2,30
FABIOLA PALMA,2,Região 2,33
FATIMA CARNEIRO,2,Região 1,21
FATIMA GIANNOCARO,2,Região 1,21
FATIMA GONÇALVES,2,Região 1,27
FATIMA LOUREIRO,2,Região 3,24
FELICIA BRITO,2,Região 3,28
FELIPE FERRELL,1,Região 1,19
FERNANDA MENDES,2,Região 2,19
FERNANDA TEÓFILO,2,Região 3,36
FERNANDA TESSICINI,2,Região 3,32
FERNANDO FRANCO,1,Região 3,35
FERNANDO GARRO,1,Região 3,34
FERNANDO LOPES,1,Região 2,32
FERNANDO SURUTA,1,Região 1,36
FILIPE KLING,1,Região 4,29
FLAVIA GODOY,2,Região 2,28
FLAVIA MARINHO,2,Região 3,27
FLAVIO AVELLAR,1,Região 5,34
FLORIANO GUERREIRO,1,Região 1,33
FOUAD GUERREIRO,1,Região 5,18
FRANCIELE MONCORVO,2,Região 2,25
FRANCISCA ANNA,2,Região 4,25
FRANCISCA LUCIO,2,Região 5,20
FRANCISCA RESENDE,2,Região 4,31
FRANCISCO AIRA,1,Região 2,26
FRANCISCO ALVES,1,Região 4,24
FRANCISCO ANTUNES,1,Região 5,32
FRANCISCO COBIAK,1,Região 4,32
FRANCISCO GARRAFIELO,1,Região 4,32
FRANCISCO GODOY,1,Região 3,36
FRANCISCO PANDO,1,Região 3,31
FRANCISCO SATO,1,Região 4,35
FRANCISCO SIMAS,1,Região 3,21
FRANCISCO VANDERLI,1,Região 3,21
FRANCISCO VERGNE,1,Região 3,33
FRANK MORAIS,1,Região 4,30
FREDERICO MARTINS,1,Região 5,28
FREDSTON RICO,1,Região 3,19
GABRIELA EDVARDES,2,Região 1,23
GABRIELA SILVESTRE,2,Região 4,19
GELMA CLEBER,2,Região 5,20
GENI ANNA,2,Região 4,27
GENI MARCOLINO,2,Região 3,32
GEORG CONSTANCA,1,Região 2,18
GEORGE CELINA,1,Região 3,32
GEORGIA CARLO,2,Região 5,28
GEOVANI GONZALEZ,1,Região 2,31
GERALDO GUERREIRO,1,Região 5,28
GERCINO ROSADO,1,Região 3,33
GERLUCE SANDRA,2,Região 4,31
GERSON IVO,1,Região 1,22
GERSON TERINI,1,Região 2,30
GETULIO TOTH,1,Região 2,27
GILBERT GIRÃO,1,Região 4,29
GILBERTO COURAS,1,Região 4,28
GILBERTO PACHECO,1,Região 4,30
GILBERTO SEGATTI,1,Região 5,20
GILBERTO SILEIKIS,1,Região 1,34
GILMAR CLOTILDE,1,Região 1,34
GILNEI SCAVUZZI,1,Região 2,29
GILSON DUTRA,1,Região 1,20
GILVAN E.,1,Região 1,36
GIOVANE CITERA,1,Região 4,19
GISELE ESTEVES,2,Região 3,28
GIVALDO GASPAROTTO,1,Região 5,23
GLADIS ALBUQUERQUE,2,Região 4,35
GLAUCIO GANN,1,Região 5,24
GLORIA ANDREATA,2,Região 5,25
GRAZIELI HONDA,2,Região 1,33
GUILHERME AVELLAR,1,Região 4,28
Guilherme DAMIÃO,1,Região 4,26
GUILHERME LEAHY,1,Região 3,31
GUILHERME NASCIMENTO,1,Região 3,22
GUSTAVO PIRES,1,Região 4,36
GUSTAVO ROSARIA,1,Região 5,25
HAROLDO Major,1,Região 5,22
HELBER FURLAN,1,Região 3,19
HELENA AUGUSTA,2,Região 4,33
HELENA COUTINHO,2,Região 1,21
HELENA GUEDES,2,Região 4,19
HELENA LEONARDO,2,Região 3,28
HELIO LUNA,1,Região 1,36
HELMAR CIPRIANO,1,Região 5,31
HENRICO PAULA,1,Região 2,35
HENRIQUE CESAR,1,Região 1,32
HILDA BALDOCCHI,2,Região 2,24
HILDETI SIMOES,2,Região 4,31
HILDOMAR EDVARDES,1,Região 5,33
HIVANILDA DI,2,Região 1,34
HOMERO ROSADO,1,Região 3,18
HUBERT GONCALVES,1,Região 4,19
HUGO GASPAROTTO,1,Região 1,25
HUMBERTO PRATA,1,Região 5,22
IARA LESSA,2,Região 2,23
IARA VANDERLI,2,Região 3,28
IDA VALLADA,2,Região 2,23
IDALMO GARRO,1,Região 4,29
IDINA LEONARDO,2,Região 3,21
IGOR MAGNO,1,Região 5,27
ILDETE KIRALY,2,Região 3,31
INALDA ALVINO,2,Região 1,19
INALDO MONTEIRO,1,Região 4,18
IRENE FURTADO,2,Região 5,28
IRIS NATALINA,2,Região 2,19
ISABEL MELGES,2,Região 3,20
ISAC ROSADO,1,Região 1,32
ISIS WIQUES,2,Região 2,19
ISRAEL CHRISTINA,1,Região 3,19
ISRAEL LESTE,1,Região 4,30
ITALO FLORA,1,Região 2,22
IVAN MOURA,1,Região 2,30
IVAN RIBEIRO,1,Região 2,36
IVANI LEMOS,2,Região 3,27
IVANI MARTIN,2,Região 1,36
IVONE KLUG,2,Região 5,31
IZABEL DALLAGO,2,Região 1,30
JABIS HORBE,1,Região 4,30
JACI DANTAS,2,Região 3,30
JACIRA ENGEL,2,Região 3,28
JACQUELINE OSCAR,2,Região 2,24
JAEDER SCANDELAI,1,Região 2,28
JAIME BARROSO,1,Região 3,33
JAIME FONTOURA,1,Região 1,26
JAIRO BOUCHARDET,1,Região 4,33
JAMES MANOEL,1,Região 1,35
JANAINA TURCHETI,2,Região 1,28
JANE BACELETE,2,Região 3,28
JANE BRBOSA,2,Região 3,31
JANE HANADA,2,Região 2,19
JANE MARCIA,2,Região 2,22
JANETE POEPKE,2,Região 2,36
JANICE LARCHER,2,Região 4,32
JAQUELINE CLEIDE,2,Região 4,28
JAQUELINE DUTRA,2,Região 4,26
JAQUELINE TEÓFILO,2,Região 4,34
JEFFERSSON AMELIA,1,Região 3,36
JENECI MACHADO,2,Região 3,35
JÉSSICA CANEN,2,Região 1,19
JILSON MAGNO,1,Região 2,34
JOÃO ATAIDE,1,Região 3,23
JOAO BONAVITTA,1,Região 1,25
JOÃO CALDAS,1,Região 4,33
JOAO EDMILSON,1,Região 1,30
JOAO IVANILDES,1,Região 3,33
JOAO MAIA,1,Região 2,20
JOAO MARCIA,1,Região 5,24
JOAO MILLER,1,Região 3,28
JOAO NOBRE,1,Região 4,22
JOÃO NOBUYUKI,2,Região 5,36
JOAO OHASHI,1,Região 2,24
JOAO PANIAGO,1,Região 5,26
JOÃO SILVIA,1,Região 5,24
JOAQUIM FORTES,1,Região 3,26
JOAQUIM ULRICHSEN,1,Região 1,22
JOE DI,1,Região 5,34
JOEL CANTUARIA,1,Região 4,20
JOEL SANTO,1,Região 1,33
JOHANA GANDINI,2,Região 1,22
JONAS GANDINI,1,Região 2,19
JORGE ALONSO,1,Região 4,36
JORGE BORDINI,1,Região 2,32
JORGE FIGUEIRA,1,Região 5,34
JORGE FIRMINO,1,Região 1,19
JORGE LUCENA,1,Região 5,30
JORGE MARIOSA,1,Região 1,33
JOSE AUXILIADORA,1,Região 3,18
JOSE BASTOS,1,Região 2,27
JOSE BIE,1,Região 3,19
JOSE CASARO,1,Região 3,30
JOSE CHAVES,1,Região 1,36
JOSE CONSTANTINOV,1,Região 1,19
JOSE CORNEJO,1,Região 3,20
JOSE DANIEL,1,Região 5,28
JOSE DENILSON,1,Região 4,25
JOSÉ DUARTE,1,Região 1,28
JOSÉ E.,1,Região 4,36
JOSÉ FABIOLA,1,Região 1,26
JOSÉ FARAGE,1,Região 4,30
JOSE FERRARESE,1,Região 4,26
JOSE FIDALGO,1,Região 2,24
JOSE Francis,1,Região 2,33
JOSE GANDINI,1,Região 4,33
JOSE GARDEL,1,Região 5,19
JOSE GOUVEA,1,Região 1,20
JOSE HORTA,1,Região 4,35
JOSE JACOB,1,Região 1,22
JOSÉ LEOPOLDO,1,Região 3,36
JOSE LONTRA,1,Região 5,31
José MOUTINHO,1,Região 4,19
JOSE NEIVA,1,Região 5,33
JOSE OLIVIERI,1,Região 4,18
JOSE PANDO,2,Região 5,23
JOSE POLITO,1,Região 3,26
JOSE RAMALHO,1,Região 3,29
JOSÉ RAMOS,1,Região 5,28
JOSE SOUZA,1,Região 5,33
JOSÉ STANGLER,1,Região 4,31
JOSE Tadeu,1,Região 3,18
JOSE Tadeu,1,Região 5,34
JOSE Tadeu,1,Região 2,22
JOSE VIANA,1,Região 2,21
JOSE WALKER,1,Região 1,26
JOSE WATANABE,1,Região 5,36
JOSEFA MATTA,2,Região 5,30
JOSEFA MEIRELES,2,Região 1,26
JOSELIA SIQUEIRA,2,Região 1,25
JOVANNI CAULA,1,Região 3,21
JOVELINA GAELZER,2,Região 2,34
JUAN SEABRA,1,Região 1,36
JUCIMARA ANDREATA,2,Região 2,25
JULIA CAMPELO,2,Região 2,21
JULIANA FIDELES,2,Região 2,30
JULIANA FURTADO,2,Região 4,23
JULIANA REHFELD,2,Região 2,29
JULIANA SACOM,2,Região 1,32
JULIANA SOARES,2,Região 3,22
JULIANO ERNESTINA,1,Região 5,18
JULIANO TOTH,1,Região 1,21
JULIO ANTONIO,1,Região 4,18
JULIO CAREN,1,Região 3,32
JULIO CLOVIS,1,Região 5,36
JULIO FRANCISCA,1,Região 3,23
JULIO MACHADO,1,Região 4,33
JULIO NAZARENO,1,Região 3,33
JULIO SENNA,1,Região 1,35
JUVENIL VALE,1,Região 1,35
KAREEN ROGGIERI,2,Região 5,23
KATIA ADRIANA,2,Região 2,36
KATIA CAMARA,2,Região 1,21
KATIELE KLUG,1,Região 2,36
KAZUO E.,1,Região 1,32
KELLEN LACERDA,1,Região 5,34
KENNEDY BUSTAMANTE,1,Região 1,25
LARA THIESSEN,2,Região 5,27
LARISSA CARVALHO,2,Região 1,36
LARISSA TERUI,2,Região 5,19
LAURA GUERREIRO,2,Região 3,33
LAURA MATIAS,2,Região 2,18
LAURA MONTE,2,Região 5,27
LEA ANALGECINA,2,Região 5,23
LEANDRO DONIZETE,1,Região 2,19
LEANDRO ORTOLANI,1,Região 2,34
LEANDRO SACRAMENTO,1,Região 2,20
LEANDRO SAPHIRA,1,Região 5,30
LEANDRO TONIOLO,1,Região 4,25
LEANI O,2,Região 1,32
LEAO PALMEIRAS,1,Região 1,22
LEILA IRADES,2,Região 2,22
LEILDA HICKMANN,2,Região 2,22
LENILDA CLAUDIO,2,Região 1,35
LENITA RIZZI,2,Região 2,32
LENIZE SILVA.,2,Região 3,26
LEOCADIA ANJOS,2,Região 3,31
LEONARDO O,1,Região 2,33
LEONARDO SEGATTI,1,Região 3,31
LEPTICIA SILVA,2,Região 4,32
LETICIA ARNALDO,2,Região 4,22
LETICIA COURAS,2,Região 4,23
LETICIA PAPA,2,Região 5,19
LIANA TREVISAN,2,Região 3,20
LICIA OCTAVIANO,2,Região 5,29
LIGIA TAKAHIRO,2,Região 3,19
LILIA GASPAROTTO,2,Região 2,24
LILIAN GARDEL,2,Região 2,35
LILIAN SANTO,2,Região 3,22
LIN RETTI,1,Região 4,30
LINA MENDONCA,2,Região 4,19
LINA SILVIA,2,Região 1,27
LINEO EDILSON,1,Região 4,29
LING LINS,1,Região 2,26
LIZETTE PAPA,2,Região 5,24
LOIVA HIRAI,2,Região 1,27
LUANA CRISOSTOMO,2,Região 5,20
LUCAS FERNADEZ,1,Região 3,26
LUCAS MAGNO,1,Região 2,29
LUCELI MELISSOPOULOS,2,Região 3,35
LUCI LEITE,2,Região 5,31
LUCIA CARBONEL,2,Região 4,31
LUCIA FLAVIO,2,Região 3,21
LÚCIA MANOEL,2,Região 3,36
LUCIA VERIDIANO,2,Região 1,27
LUCIANA ARNT,2,Região 4,32
LUCIANA BERNARDO,2,Região 5,20
LUCIANA GILBERTO,2,Região 2,28
LUCIANA MADEIRA,1,Região 5,26
LUCIANE BEATRIZ,2,Região 2,20
LUCIANO BARRETO,1,Região 4,20
LUCIANO HORBE,1,Região 5,29
LUCIANO JOHN,1,Região 2,23
LUCIANO SANCHES,1,Região 1,34
LUCILENE LEONCIO,2,Região 3,34
LUIS DUARTE,1,Região 4,21
LUIS RAIMUNDO,1,Região 1,34
LUIS ROSPENDOWSKI,1,Região 4,31
LUIS TRAMILTON,1,Região 3,30
LUIZ ARNT,1,Região 2,28
LUIZ ASCENCAO,1,Região 4,23
LUIZ CANDIDO,1,Região 3,36
LUIZ CORSO,1,Região 2,34
LUIZ GALVAO,1,Região 4,25
LUIZ GRAÇAS,1,Região 4,18
LUIZ LAMEGO,1,Região 2,20
LUIZ LEONARDO,1,Região 1,18
LUIZ LUIS,1,Região 4,24
LUIZ LUNA,1,Região 2,27
LUIZ MAXIMO,1,Região 5,27
LUIZ MENDES,1,Região 2,32
LUIZ MORI,1,Região 1,36
LUIZ NORMA,1,Região 3,19
LUIZ SCHUWARZ,1,Região 3,20
LUIZ SOCORRO,1,Região 4,33
LUIZA JAQUES,2,Região 3,36
LYSSANDRA MOREIRA,2,Região 4,22
Mª ALVARO,2,Região 1,34
MAFALDA NORONHA,2,Região 1,18
MAGALI BOUGHOSN,2,Região 5,33
MAGDA ELIAS,2,Região 3,32
MAGDA ROSADO,2,Região 1,20
MAGNA GASPAROTTO,2,Região 2,35
MARA RITA,2,Região 1,34
MARA VIEIRA,2,Região 5,34
MARCEL FELIPE,1,Região 3,30
MARCELA BARROSO,2,Região 5,29
MARCELIA BRENO,2,Região 1,20
MARCELLA FARDIM,2,Região 5,23
MARCELLO ADIALA,1,Região 2,31
MARCELO EMILIA,1,Região 5,21
MARCELO ENÉAS,1,Região 5,27
MARCELO GROQUI,1,Região 3,24
MARCELO GUEIROS,1,Região 3,31
MARCELO MARCOLINO,1,Região 5,30
MARCELO OSHIRO,1,Região 3,28
MARCELO OTTONI,1,Região 2,26
MARCELO SACRAMENTO,1,Região 3,18
MARCELO TIEMI,1,Região 2,29
MARCELO TORVERCILAS,1,Região 1,36
MARCELO VELOSO,1,Região 2,27
MARCIA ATAIDE,2,Região 4,24
MARCIA BUSHATSKY,2,Região 3,27
MARCIA CELESTINO,2,Região 3,22
MARCIA CUNHA,2,Região 5,29
MARCIA MANZOLILLO,2,Região 5,25
MARCIA ORTIZ,2,Região 1,28
MARCIA PERPETUA,2,Região 4,20
MARCIA RICARDO,2,Região 1,31
MARCIO HAREMI,1,Região 1,25
MARCIO KETHERE,1,Região 5,19
MARCIO R.,1,Região 1,32
MARCIO RIGELO,1,Região 4,23
MARCO CARDOZO,1,Região 4,23
MARCO FRANCISCO,1,Região 3,22
MARCO GARDEL,1,Região 3,20
MARCOS ESTIVALET,1,Região 5,32
MARCOS MEDEIROS,1,Região 5,27
MARCOS MELLO,1,Região 2,36
MARCOS PEDRASSOLLI,1,Região 1,28
MARCOS PEQUENO,1,Região 2,36
MARCOS PERPETUA,1,Região 5,25
MARCOS PESSOA,1,Região 3,20
MARCOS SANT,1,Região 3,31
MARCOS SORIO,1,Região 3,25
MARCOS TAVARES,1,Região 5,22
MARIA AGOSTANI,2,Região 1,36
MARIA AGUIAR,2,Região 4,22
MARIA ALBERT,2,Região 3,30
MARIA ARCELINO,2,Região 2,35
MARIA ASSIS,2,Região 1,27
MARIA ASSIS,2,Região 5,34
MARIA BARBOZA,2,Região 2,24
MARIA BEZERRA,2,Região 4,34
MARIA BIANCO,2,Região 4,19
MARIA BORGES,2,Região 5,35
MARIA BRAZ,2,Região 3,35
MARIA BRAZ,2,Região 3,25
MARIA CALAZANS,2,Região 4,30
MARIA CASARO,2,Região 1,32
MARIA CELINA,2,Região 5,24
MARIA CITERA,2,Região 4,27
MARIA CLEBER,2,Região 4,30
MARIA DAMACENO,2,Região 4,35
MARIA DENILSON,2,Região 1,36
MARIA ELIAS,2,Região 1,24
Maria EMILIA,2,Região 4,30
MARIA F.,2,Região 2,25
MARIA FERRANO,2,Região 1,22
MARIA FIDELES,2,Região 5,20
MARIA FILHO,2,Região 5,28
MARIA GABBAY,2,Região 3,30
MARIA GIANNOCARO,2,Região 3,29
MARIA GLEREAN,2,Região 5,26
MARIA GOMES,2,Região 1,22
MARIA GRIZZA,2,Região 1,22
MARIA HANADA,2,Região 5,23
MARIA HICKMANN,2,Região 4,33
MARIA HIRAI,1,Região 1,29
MARIA HIRAI,2,Região 2,18
MARIA HOFFMANM,2,Região 3,21
MARIA ICHIMURA,2,Região 3,32
MARIA KRÁS,2,Região 2,22
MARIA KUHN,2,Região 3,26
MARIA LEONARDO,2,Região 4,20
MARIA LICHT,2,Região 4,36
MARIA LORENCINI,2,Região 2,34
MARIA MARCAL,2,Região 4,19
MARIA Marcos,2,Região 3,28
MARIA Marcos,2,Região 4,25
MARIA MARIO,2,Região 3,28
MARIA MEIRELES,2,Região 3,22
MARIA MELISSOPOULOS,2,Região 3,28
MARIA MENDONCA,2,Região 2,26
MARIA MIRANDA,2,Região 4,22
MARIA MORAES,2,Região 3,19
MARIA MOROZ,2,Região 4,22
MARIA MUSSULINI,2,Região 5,21
MARIA PETZH,2,Região 3,22
MARIA RENATO,2,Região 2,28
MARIA RIGELO,2,Região 1,24
MARIA RIGELO,2,Região 2,18
MARIA RIZZINI,2,Região 2,23
MARIA SACOM,2,Região 1,21
MARIA SCAVUZZI,2,Região 1,31
MARIA SIMENOV,2,Região 5,34
MARIA SIMENOV,2,Região 1,30
MARIA SINÍCIO,2,Região 3,29
MARIA SINOVA,2,Região 5,29
MARIA SOLANGE,2,Região 4,36
MARIA SOLIDADE,2,Região 4,25
MARIA Sortino,2,Região 5,32
MARIA SPINELLI,2,Região 4,20
MARIA STRAPASSON,2,Região 4,32
MARIA TARCISIO,2,Região 5,35
MARIA TOME,2,Região 3,22
MARIA VASCONCELOS,2,Região 3,33
MARIA VAZ,2,Região 2,36
MARIA VERGNE,2,Região 1,25
MARIA VERGNE,2,Região 1,18
MARIA VICTOR,2,Região 2,31
MARIA VIVACQUA,2,Região 4,36
MARIA YOSHIOKA,2,Região 1,30
MARIANA ESPÍNDOLA,2,Região 2,22
MARIANA SCHUWARZ,2,Região 3,29
MARIANE LUCIEN,2,Região 3,28
MARICLEIDE TUNG,2,Região 1,32
MARILANE AMELIA,2,Região 5,25
MARILDA LUNA,2,Região 5,21
MARILENE PIMENTEL,2,Região 3,31
MARILENE RADIANTE,2,Região 5,28
MARILIA FURTADO,2,Região 2,36
MARILISA MICHELAM,2,Região 5,18
MARILUCE ZIMMERMANN,2,Região 1,21
MARINA GRACE,2,Região 4,29
MARINA LEONCIO,2,Região 5,30
MARIO CAJADO,1,Região 1,31
MARIO FELICIO,1,Região 1,32
MARIO PORTUGAL,1,Região 2,33
MARIO SOUZA,1,Região 5,18
MARIO VAZ,1,Região 5,32
MARISA GRIZZA,2,Região 1,20
MARISA LUISA,2,Região 4,18
MARISA PAVANELLO,2,Região 2,28
MARIVONE KLING,2,Região 3,35
MARIZA NEVES,2,Região 1,31
MARLENE KOSCHAR,2,Região 2,30
MARLENE MARZAGAO,2,Região 5,30
MARLI DALLAGO,2,Região 5,27
MARLI ILAGA,2,Região 2,19
MARLI SINOVA,2,Região 4,32
MARLISE RUTH,2,Região 3,22
MARLOS BRUNET,1,Região 4,28
MARTA ANGELA,2,Região 1,31
MARTA BATISTA,1,Região 2,19
MARTA FRANCISCO,2,Região 1,31
MARTA GRACE,2,Região 3,31
MARTA KHATER,2,Região 4,27
MARTA PEREIRA,2,Região 4,35
MARY EMILIA,2,Região 3,33
MARY LESSA,2,Região 5,20
MARYLAND JOAO,2,Região 3,19
MASANORI COMINO,1,Região 4,18
MAURA HONDA,2,Região 5,19
MAURICEIA MADUREIRA,2,Região 1,23
MAURICIO BRBOSA,1,Região 1,24
MAURICIO CARDOSO,1,Região 3,36
MAURICIO NORONHA,1,Região 4,24
MAURICIO ROMAN,1,Região 3,33
MAURINA PAVANELLO,2,Região 2,18
MAURO ALBUQUERQUE,1,Região 3,27
MAURO BARRA,1,Região 2,22
MAURO Edina,1,Região 5,33
MAURO LONTRA,1,Região 3,23
MAURO MUSSULINI,1,Região 1,19
MAURO REZENDE,1,Região 1,18
MAURO TAVEIRA,1,Região 5,27
MAX ALBERT,1,Região 4,32
MAX MOTA,1,Região 5,26
MAYANE BUSHATSKY,2,Região 4,29
MICHEL FERREIRA,1,Região 3,23
MICHELLE BUENO,2,Região 2,18
MILENA CAVALCANTI,2,Região 1,23
MILENE COMINO,2,Região 2,28
MILTON AVELAR,1,Região 5,32
MILVA BATISTA,2,Região 4,27
MIRIAM CHRISTYINNE,2,Região 2,19
MIRIAN ANDRES,2,Região 3,23
MIRIAN MADANELO,2,Região 3,25
MOEMA ROSSI,2,Região 3,27
Mônica DELANO,2,Região 4,34
MÔNICA GANN,2,Região 3,36
MÔNICA GARRO,2,Região 4,20
MONICA SIMONE,2,Região 5,30
MYRNA GATTI,2,Região 1,35
NAIR SPEGIORN,2,Região 3,20
NALVA INAFUKU,2,Região 5,27
NATALIA BRASILIANO,2,Região 1,36
NATALIA LANDIM,2,Região 2,35
NATALINA PERPETUA,2,Região 1,24
NAVANTINO NÓBREGA,1,Região 5,22
NEIDE BRITO,2,Região 2,24
NEIDE CAMPELO,2,Região 1,18
NEILANE PALHARES,2,Região 2,23
NELIA TIEMI,2,Região 2,19
NELSON CLOTILDE,1,Região 2,27
NELSON GILBERTO,1,Região 2,28
NELSON GUILHERME,1,Região 2,19
NELSON NERES,1,Região 3,33
NELSON PAIXÃO,1,Região 3,22
NESTOR SOTO,1,Região 1,23
NEUSA SOMERA,2,Região 2,35
NEUZA GUIMARAES,2,Região 5,22
NEUZA MESTRINHO,2,Região 1,30
NICOLAS JUBIN,1,Região 5,29
NILTOM COURAS,1,Região 5,23
NILTON COLE,1,Região 5,29
NILTON IVO,1,Região 3,21
NILZIO ROY,1,Região 2,35
NINA RITA,2,Região 1,19
NIVALDO GILBERTO,1,Região 1,20
NIVALDO VALLADA,1,Região 5,31
NIVEA SCALA,2,Região 2,27
NORIMAR GARCIA,2,Região 3,27
NOSVALDO FONSECA,1,Região 4,36
ODAIR SOUTO,1,Região 2,27
ODAIR TOURINHO,1,Região 3,29
ODILON PAIXÃO,1,Região 3,26
ONILDO BARRA,1,Região 5,25
ONILDO NORBERTO,1,Região 2,23
ONNEIDA JUNQUEIRA,2,Região 1,36
ORANIO ALVARES,1,Região 1,32
ORLANDO BEATRIZ,1,Região 2,33
ORLANDO BUENO,1,Região 1,30
ORLANDO LUDOLF,1,Região 3,35
ORLANDO O,1,Região 3,33
OSWALDO CRISTOVÃO,1,Região 5,21
PAMELA CASSIANO,2,Região 3,35
PAMELA SIMOES,2,Região 2,21
PAOLA RUTH,2,Região 4,29
PATRICIA BRUNET,2,Região 2,24
PATRÍCIA CAMILOZI,2,Região 1,18
PATRICIA EMILIA,2,Região 3,29
PATRICIA F.,2,Região 4,36
PATRICIA NETO,2,Região 2,22
PATRICIA PEIXOTO,2,Região 5,31
PATRICIA SURUTA,2,Região 3,27
PAULA ALDIR,2,Região 1,24
PAULA BRBOSA,2,Região 4,18
PAULA FRANCOIS,2,Região 1,28
PAULA ICHIMURA,2,Região 2,19
PAULO AYMES,1,Região 5,25
PAULO BATISTA,1,Região 5,30
PAULO CAMARGO,1,Região 5,28
PAULO DILMA,1,Região 5,27
PAULO FRAGA,1,Região 3,34
PAULO IRADES,1,Região 5,21
PAULO JOAQUIM,1,Região 5,22
PAULO JULIAN,1,Região 1,18
PAULO LONTRA,1,Região 1,22
PAULO LUCARELLI,1,Região 3,24
PAULO LUCIEN,1,Região 3,33
PAULO PALHARES,1,Região 1,31
PAULO PIEDADE,1,Região 2,20
PAULO PREVATO,1,Região 3,30
PAULO REJAILI,1,Região 3,28
PAULO ROESE,1,Região 2,26
Paulo VELOSO,1,Região 2,18
PEDRO BIM,1,Região 4,30
PEDRO CLOTILDE,1,Região 4,27
PEDRO FRAGA,1,Região 2,36
PEDRO FRANTZ,1,Região 5,27
PEDRO HOFFMANM,1,Região 4,30
PEDRO MORAES,1,Região 2,32
PEDRO VALERIANO,1,Região 2,33
PENHA SCAVUZZI,2,Região 3,34
PERCIVAL IRENE,1,Região 2,29
PLINIO ENÉAS,1,Região 5,29
PRISCILA REALCE,2,Região 3,21
QUELE RIZZI,2,Região 1,27
RAFAEL CAMILOZI,1,Região 3,31
RAFAEL LEONARDO,1,Região 5,23
RAIMUNDO FACIO,1,Região 2,32
RAIMUNDO FRANCISCA,1,Região 2,21
RAIMUNDO FREDO,1,Região 2,18
RAIMUNDO NONATO,1,Região 2,33
RAIMUNDO OCTAVIANI,1,Região 3,29
RAIMUNDO SAMPAIO,1,Região 5,32
RALPH LUNA,1,Região 1,24
RAPHAEL FERRARESE,1,Região 3,30
RAQUEL AGUIAR,2,Região 3,25
RAQUEL PERNET,2,Região 4,33
RAUL NÓBREGA,1,Região 1,28
REGINA CALUMBY,2,Região 4,34
REGINA MELLO,2,Região 4,25
REGINALDO PALHANO,1,Região 4,21
REGITON FRIAS,1,Região 3,19
REMO JOHN,1,Região 2,31
RENAN VICTOR,1,Região 1,23
RENATA CANDIDO,2,Região 2,27
RENATA MEDINA,2,Região 2,18
RENATA PETRONE,2,Região 5,23
RENATA SANTOS,2,Região 5,34
RENATA YANG,2,Região 3,28
RENATO MATOS,1,Região 3,30
RENE PETRONGARI,1,Região 3,31
RENÍ VIEIRA,2,Região 5,34
RICARDO ANTUNES,1,Região 3,30
RICARDO CLOVIS,1,Região 4,34
RICARDO DOMINGUES,1,Região 1,18
RICARDO FÁTIMA,2,Região 3,30
RICARDO GARRO,1,Região 5,20
RICARDO GINDRO,1,Região 1,25
RICARDO KLUG,1,Região 5,26
RICARDO LANCHOTTI,1,Região 3,20
RICARDO LEITE,1,Região 2,26
RICARDO LUIZA,1,Região 5,33
RICARDO ROSADO,1,Região 5,24
RICARDO THEODORO,1,Região 2,29
RICARDO YOSHIOKA,1,Região 5,36
RITA BEZERRA,2,Região 1,28
RITA ILAGA,2,Região 2,34
RITA PORTUGAL,2,Região 2,35
RITA SANTARELLI,2,Região 5,31
RIZONETE LA,2,Região 5,30
ROBERIA AUN,2,Região 1,36
ROBERTA LUCIA,2,Região 4,33
ROBERTA NOBRE,2,Região 5,29
ROBERTA OSÓRIO,2,Região 5,25
ROBERTA PAULO,2,Região 5,19
ROBERTO ALVIM,1,Região 3,34
ROBERTO FARINA,1,Região 3,26
ROBERTO FIRMINO,2,Região 2,30
ROBERTO LOURDES,1,Região 2,27
ROBERTO OTANIA,1,Região 1,27
ROBERTO PAULA,1,Região 5,31
ROBERTO PORTELA,1,Região 4,27
ROBERTO TERINI,1,Região 2,36
ROBERVAL CESAR,1,Região 5,18
ROBSON ANDRES,1,Região 1,18
ROBSON SOTO,1,Região 1,19
RODOLFO INACIO,1,Região 2,33
RODRIGO AIRA,1,Região 5,35
RODRIGO AVELAR,1,Região 4,29
RODRIGO CASSIA,1,Região 1,35
RODRIGO CASTILHO,1,Região 3,27
RODRIGO DIAS,1,Região 3,34
RODRIGO FOLGORI,1,Região 1,25
RODRIGO MOL,1,Região 3,29
RODRIGO NORMA,1,Região 3,29
ROGERIA TORRES,2,Região 4,20
ROGERIO ANDRES,1,Região 3,25
ROGERIO ESTIVALET,1,Região 3,31
ROGERIO SIMAS,1,Região 5,28
ROGERIO VALE,1,Região 2,31
ROMARIO FARIA,1,Região 5,24
RONALD GOUVEA,1,Região 4,22
RONALDO BESSA,1,Região 3,19
RONALDO BRUNET,1,Região 2,18
RONALDO DONIZETE,1,Região 4,30
RONALDO SANTO,1,Região 3,36
ROQUE PEQUENO,1,Região 4,25
ROSA KLUG,2,Região 1,20
ROSALY FRAGELLI,2,Região 1,33
ROSANA GASPARINI,2,Região 4,36
ROSANA MORAES,2,Região 4,22
ROSANA SIMONE,2,Região 2,20
ROSANGELA JOI,2,Região 5,27
ROSEANE LUND,2,Região 3,26
ROSELI COMIN,2,Região 4,21
ROSELI NAVEGA,2,Região 4,22
ROSELY AVELAR,2,Região 4,34
ROSEMERY CABRAL,2,Região 1,21
ROSENETE PENA,2,Região 5,33
ROSETE ANALGECINA,2,Região 4,19
ROSILAINE CAEIRA,2,Região 2,33
ROSILDA CASTRO,2,Região 5,27
ROSINETE ALICE,2,Região 2,30
RUBENS MORAIS,1,Região 2,33
RUTE ITIRO,2,Região 3,32
RUTE JAQUES,2,Região 5,19
SALVATORE CARAMELO,1,Região 2,32
SAMOEL SERAFINI,1,Região 3,18
SAMUEL BUSHATSKY,1,Região 3,30
SARA CARLOS,2,Região 5,26
SARA HIRAI,2,Região 2,28
SARA LEOPOLDO,2,Região 3,20
SAYLON RODRIGO,1,Região 4,22
SEBASTIANA LEAL,2,Região 4,28
SEBASTIAO CESAR,1,Região 2,31
SEBASTIAO GONZALEZ,1,Região 3,28
SEBASTIAO IMPERIO,1,Região 5,33
SEBASTIAO MARCAL,1,Região 2,34
SELMA FARDIM,1,Região 2,23
SENHORINHA ROSELI,2,Região 4,36
SERGIO ALVARO,1,Região 5,34
SERGIO BARAZZETTI,1,Região 2,19
SERGIO FACCIN,1,Região 4,25
SERGIO FONTOURA,1,Região 4,26
SERGIO KETHERE,1,Região 3,29
SERGIO LEOPOLDO,1,Região 1,22
SERGIO MATTA,1,Região 1,22
SÉRGIO ROGGIERI,1,Região 4,25
SERGIO SCALA,1,Região 5,27
SERGIO VILELA,1,Região 4,28
SERVULO BERNARDES,1,Região 5,29
SEVERINO LEAL,1,Região 3,20
SEVERINO TEIXEIRA,1,Região 1,31
SHEILA VILELA,2,Região 3,34
SHEYLA CAMINHA,2,Região 1,35
SHIRLEY NEVES,2,Região 2,27
SIDINEI FILHO,1,Região 1,36
SILAS A,1,Região 2,36
SILMARA CLOTILDE,2,Região 5,26
SÍLVIA ACCIOLI,2,Região 2,23
SILVIA DIMAS,2,Região 4,29
SILVIA MELLO,2,Região 5,35
SILVIO MARTIN,1,Região 3,25
SIMON BASILIO,1,Região 1,33
SIMONE BALDOCCHI,2,Região 3,20
SIMONE ENÉAS,2,Região 4,35
SIMONE FABIOLA,2,Região 3,24
SIMONE IZABEL,2,Região 5,27
SIMONE MANUELA,2,Região 4,36
SOLANGE CARLOS,2,Região 5,20
SOLANGE CLAUDIA,2,Região 5,31
SOLANGE GANDINI,2,Região 1,29
SOLANGE THOME,2,Região 5,23
SONIA BRASILIANO,2,Região 5,18
SONIA CLEBER,2,Região 5,26
SÔNIA MARCELO,2,Região 3,27
SONIA PIMENTEL,2,Região 4,29
SONIA POEPKE,2,Região 2,19
SONIA STRAPASSON,2,Região 3,19
SONIA TURCHETI,2,Região 4,21
SORAYA FRANCISCO,2,Região 1,24
SRA LIRA,2,Região 5,25
STELLA AMORIM,2,Região 2,24
SUELEN CLEBER,2,Região 3,35
SUELEN SENNA,2,Região 2,21
SUELI MANZOLILLO,2,Região 3,25
SUELI PACHECO,2,Região 1,36
SUELI SILVINO,2,Região 3,26
SUSANA CORAZZA,2,Região 1,29
SUSANA HICKMANN,2,Região 2,18
SUSANA PETRONGARI,2,Região 3,21
TANIA AUGUSTA,2,Região 4,29
TANIA PIZZANI,2,Região 3,24
TANIA ULRICHSEN,2,Região 2,19
TANIA VIDAL,2,Região 4,29
TARCISO ANN,1,Região 4,32
TATIANA RITTER,2,Região 5,32
TENORIO MILLER,1,Região 2,18
TERESA GANN,2,Região 4,27
TERESA SEBASTIÃO,2,Região 3,32
TEREZA BRANCO,2,Região 2,36
TEREZA COBIAK,2,Região 5,25
TEREZA FARAGE,2,Região 3,18
TEREZA FIRMINO,2,Região 5,32
TEREZA NASRALLA,2,Região 5,32
TEREZINHA CITERA,2,Região 1,20
TEREZINHA MARZAGAO,2,Região 3,19
THAMIRES EDUARDO,2,Região 2,29
THAYANA SIMAS,2,Região 3,23
THIAGO ALONSO,1,Região 1,24
THIAGO CARDINALLI,1,Região 1,29
THIAGO SPEGIORN,1,Região 1,30
THOMAS HOPPE,1,Região 4,27
THOMAZ MARTINS,1,Região 3,34
TIAGO BERNARDES,1,Região 2,23
UBENINA GIRÃO,2,Região 1,19
UBIRAJARA ROSSI,1,Região 5,19
VALCIM PETRONGARI,1,Região 1,32
VALDA HANADA,2,Região 2,20
Valdir NASLAVSKY,1,Região 4,23
VALDIR ROMERO,1,Região 1,34
VALDIRENE EDMILSON,2,Região 4,27
VALERIA CALAZANS,2,Região 4,20
VALERIA MARZAGAO,2,Região 3,22
VALESCA BRAZ,2,Região 5,35
VALTELANDO NEVES,1,Região 2,35
VALTER CITERA,1,Região 3,34
VALTER NAVEGA,1,Região 5,20
VALTER SCHWORER,1,Região 5,19
VANDERLEI ALVIM,1,Região 3,21
VANDERLEI DINIZ,1,Região 1,24
VANESSA PIRES,2,Região 2,19
VANIA CONSTANCA,1,Região 3,22
VANIA SPINELLI,2,Região 4,33
VERA CLARO,2,Região 3,24
VERA MELLO,2,Região 3,18
VERA NASLAVSKY,2,Região 4,21
VERA REZENDE,2,Região 1,20
VERA SANTO,2,Região 4,24
VERARDI GRACE,1,Região 2,32
VERONICA ELISA,2,Região 3,25
VICENTE LUIZ,1,Região 4,27
VICTOR RICARDO,1,Região 2,26
VILMA INACIO,2,Região 3,19
VINICIUS LANDIM,1,Região 2,18
VITOR INACIO,2,Região 5,21
VIVIANE ABRANTES,2,Região 3,30
VLADIMIR REHFELD,1,Região 5,31
WAGNER DONIZETE,1,Região 4,22
WAGNER LUZ,1,Região 4,24
WALDECI FREITAS,2,Região 3,32
WALDEMAR MURILO,1,Região 4,35
WALDIR AMELIA,1,Região 2,32
WALTER ABREU,1,Região 3,20
WALTER DAL,1,Região 5,25
WALTER FROTA,1,Região 5,31
WALTER RABELO,1,Região 2,27
WANDA ROSADO,2,Região 3,30
WANDERLEY GARCIA,1,Região 4,24
WANDERLEY VASCONCELOS,1,Região 5,33
WANDERSON BADARÓ,1,Região 2,20
WASHINGTON SANCHES,1,Região 1,19
WEBSTER MILLER,2,Região 5,21
WELERSON BEZERRA,1,Região 3,27
WELITON OLIVEIRA,1,Região 4,22
WELLINGTON ALBERTO,1,Região 1,30
WELLINGTON BASSI,1,Região 5,20
WERNER AZEVEDO,1,Região 5,24
WERNER PETZH,1,Região 2,31
WILLI RIZZI,1,Região 5,25
WILLIAM DIMAS,1,Região 3,19
WILLIAM FERNADEZ,1,Região 4,26
WILLIAM JUNQUEIRA,1,Região 4,32
WILLIAN JESUS,1,Região 3,31
WILSON CLOTILDE,1,Região 3,25
WILSON LISBOA,1,Região 1,33
WILSON OLIVEIRA,1,Região 5,25
YAN HIRAI,1,Região 2,19
YOKO BOZZETTO,2,Região 4,25
YVONNE ELISAMAR,2,Região 2,24
YVONNE MADANELO,2,Região 4,29
ZARA KARLA,2,Região 3,33
ZÉLIA ORFALI,2,Região 2,24
ZELIA VERARDI,1,Região 2,29
ZELITA FRANCISCA,2,Região 3,26
ZULEICA MENDONÇA,2,Região 1,19
ZULEIKA Marcos,2,Região 3,33
ZUMIRA SAPHIRA,2,Região 1,35
